{"cameraMode":{"drawMode":0,"name":"Shaded","section":"Shading Mode"},"sceneLighting":true,"audioPlay":false,"sceneViewState":{"showFog":true,"showMaterialUpdate":false,"showSkybox":true,"showFlares":true,"showImageEffects":true,"showParticleSystems":true},"in2DMode":false,"pivot":{"x":14.34025764465332,"y":2.0135669708251955,"z":8.116495132446289},"rotation":{"x":-0.29229944944381716,"y":0.11355062574148178,"z":-0.034977901726961139,"w":-0.9489172101020813},"size":23.733131408691408,"orthographic":false}