{"cameraMode":{"drawMode":0,"name":"Shaded","section":"Shading Mode"},"sceneLighting":true,"audioPlay":false,"sceneViewState":{"showFog":true,"showMaterialUpdate":false,"showSkybox":true,"showFlares":true,"showImageEffects":true,"showParticleSystems":true},"in2DMode":false,"pivot":{"x":-9.074129104614258,"y":-5.604783058166504,"z":11.914912223815918},"rotation":{"x":-0.1389557123184204,"y":0.6142401695251465,"z":-0.11101807653903961,"w":-0.7688142657279968},"size":35.2618522644043,"orthographic":false}