{"cameraMode":{"drawMode":0,"name":"Shaded","section":"Shading Mode"},"sceneLighting":true,"audioPlay":false,"sceneViewState":{"showFog":true,"showMaterialUpdate":false,"showSkybox":true,"showFlares":true,"showImageEffects":true,"showParticleSystems":true},"in2DMode":false,"pivot":{"x":20.515722274780275,"y":-6.789491653442383,"z":29.528186798095704},"rotation":{"x":-0.22336265444755555,"y":-0.019885413348674775,"z":0.004557905253022909,"w":-0.9745219349861145},"size":45.700260162353519,"orthographic":false}