{"cameraMode":{"drawMode":0,"name":"Shaded","section":"Shading Mode"},"sceneLighting":true,"audioPlay":false,"sceneViewState":{"showFog":true,"showMaterialUpdate":false,"showSkybox":true,"showFlares":true,"showImageEffects":true,"showParticleSystems":true},"in2DMode":false,"pivot":{"x":13.567934036254883,"y":-1.3765501976013184,"z":7.2913665771484379},"rotation":{"x":-0.19389894604682923,"y":-0.5565348267555237,"z":0.13549190759658814,"w":-0.796438455581665},"size":12.907293319702149,"orthographic":false}